<?xml version="1.0" encoding="utf-8"?>
<!DOCTYPE hibernate-mapping PUBLIC "-//Hibernate/Hibernate Mapping DTD 3.0//EN"
"http://hibernate.sourceforge.net/hibernate-mapping-3.0.dtd">
<!-- 
    Mapping file autogenerated by MyEclipse Persistence Tools
-->
<hibernate-mapping>
    <class name="com.qhit.bean.Classes" table="classes" schema="dbo" catalog="LEO">
        <id name="cid" type="java.lang.Integer">
            <column name="cid" />
            <generator class="native" />
        </id>
        <many-to-one name="directions" class="com.qhit.bean.Directions" fetch="select">
            <column name="did" not-null="true" />
        </many-to-one>
        <property name="code" type="java.lang.String">
            <column name="code" length="50" not-null="true" />
        </property>
        <property name="cname" type="java.lang.String">
            <column name="cname" length="50" not-null="true" />
        </property>
        <property name="headteacher" type="java.lang.String">
            <column name="headteacher" length="50" not-null="true" />
        </property>
        <property name="lecturer" type="java.lang.String">
            <column name="lecturer" length="50" not-null="true" />
        </property>
        <property name="begintime" type="java.lang.String">
            <column name="begintime" length="50" not-null="true" />
        </property>
        <property name="state" type="java.lang.String">
            <column name="state" length="50" not-null="true" />
        </property>
        <property name="cremark" type="java.lang.String">
            <column name="cremark" length="50" />
        </property>
        <set name="studentses" inverse="true">
            <key>
                <column name="cid" not-null="true" />
            </key>
            <one-to-many class="com.qhit.bean.Students" />
        </set>
        <set name="testpaperses" inverse="true">
            <key>
                <column name="cid" not-null="true" />
            </key>
            <one-to-many class="com.qhit.bean.Testpapers" />
        </set>
    </class>
</hibernate-mapping>
