<?xml version="1.0" encoding="utf-8"?>
<!DOCTYPE hibernate-mapping PUBLIC "-//Hibernate/Hibernate Mapping DTD 3.0//EN"
"http://hibernate.sourceforge.net/hibernate-mapping-3.0.dtd">
<!-- 
    Mapping file autogenerated by MyEclipse Persistence Tools
-->
<hibernate-mapping>
    <class name="com.qhit.bean.Directions" table="directions" schema="dbo" catalog="LEO">
        <id name="did" type="java.lang.Integer">
            <column name="did" />
            <generator class="native" />
        </id>
        <property name="dname" type="java.lang.String">
            <column name="dname" length="50" not-null="true" />
        </property>
        <set name="classeses" inverse="true">
            <key>
                <column name="did" not-null="true" />
            </key>
            <one-to-many class="com.qhit.bean.Classes" />
        </set>
        <set name="subjectses" inverse="true">
            <key>
                <column name="did" not-null="true" />
            </key>
            <one-to-many class="com.qhit.bean.Subjects" />
        </set>
    </class>
</hibernate-mapping>
