<?xml version="1.0" encoding="utf-8"?>
<!DOCTYPE hibernate-mapping PUBLIC "-//Hibernate/Hibernate Mapping DTD 3.0//EN"
"http://hibernate.sourceforge.net/hibernate-mapping-3.0.dtd">
<!-- 
    Mapping file autogenerated by MyEclipse Persistence Tools
-->
<hibernate-mapping>
    <class name="com.qhit.bean.Grades" table="grades" schema="dbo" catalog="LEO">
        <id name="gid" type="java.lang.Integer">
            <column name="gid" />
            <generator class="native" />
        </id>
        <many-to-one name="students" class="com.qhit.bean.Students" fetch="select">
            <column name="sid" not-null="true" />
        </many-to-one>
        <property name="tpid" type="java.lang.Integer">
            <column name="tpid" not-null="true" />
        </property>
        <property name="starttime" type="java.lang.String">
            <column name="starttime" length="50" not-null="true" />
        </property>
        <property name="endtime" type="java.lang.String">
            <column name="endtime" length="50" not-null="true" />
        </property>
        <property name="grade" type="java.lang.String">
            <column name="grade" length="50" not-null="true" />
        </property>
    </class>
</hibernate-mapping>
