<?xml version="1.0" encoding="utf-8"?>
<!DOCTYPE hibernate-mapping PUBLIC "-//Hibernate/Hibernate Mapping DTD 3.0//EN"
"http://hibernate.sourceforge.net/hibernate-mapping-3.0.dtd">
<!-- 
    Mapping file autogenerated by MyEclipse Persistence Tools
-->
<hibernate-mapping>
    <class name="com.qhit.bean.StudentsTq" table="students_tq" schema="dbo" catalog="LEO">
        <id name="sssid" type="java.lang.Integer">
            <column name="sssid" />
            <generator class="native" />
        </id>
        <many-to-one name="students" class="com.qhit.bean.Students" fetch="select">
            <column name="sid" not-null="true" />
        </many-to-one>
        <many-to-one name="tpTq" class="com.qhit.bean.TpTq" fetch="select">
            <column name="ssid" not-null="true" />
        </many-to-one>
        <property name="sanswer" type="java.lang.String">
            <column name="sanswer" length="50" />
        </property>
    </class>
</hibernate-mapping>
