<?xml version="1.0" encoding="utf-8"?>
<!DOCTYPE hibernate-mapping PUBLIC "-//Hibernate/Hibernate Mapping DTD 3.0//EN"
"http://hibernate.sourceforge.net/hibernate-mapping-3.0.dtd">
<!-- 
    Mapping file autogenerated by MyEclipse Persistence Tools
-->
<hibernate-mapping>
    <class name="com.qhit.bean.Testpapers" table="testpapers" schema="dbo" catalog="LEO">
        <id name="tpid" type="java.lang.Integer">
            <column name="tpid" />
            <generator class="native" />
        </id>
        <many-to-one name="classes" class="com.qhit.bean.Classes" fetch="select">
            <column name="cid" />
        </many-to-one>
        <many-to-one name="subjects" class="com.qhit.bean.Subjects" fetch="select">
            <column name="subid" not-null="true" />
        </many-to-one>
        <property name="topicbigtype" type="java.lang.String">
            <column name="topicbigtype" length="50" not-null="true" />
        </property>
        <property name="headings" type="java.lang.String">
            <column name="headings" length="50" not-null="true" />
        </property>
        <property name="totalscore" type="java.lang.String">
            <column name="totalscore" length="50" not-null="true" />
        </property>
        <property name="texttime" type="java.lang.String">
            <column name="texttime" length="50" not-null="true" />
        </property>
        <property name="totalquestions" type="java.lang.String">
            <column name="totalquestions" length="50" not-null="true" />
        </property>
        <property name="eachscore" type="java.lang.String">
            <column name="eachscore" length="50" not-null="true" />
        </property>
        <property name="state" type="java.lang.String">
            <column name="state" length="50" not-null="true" />
        </property>
        <property name="starttime" type="java.lang.String">
            <column name="starttime" length="50" />
        </property>
        <set name="studentsTqs" inverse="true">
            <key>
                <column name="tpid" not-null="true" />
            </key>
            <one-to-many class="com.qhit.bean.StudentsTq" />
        </set>
        <set name="tpTqs" inverse="true">
            <key>
                <column name="tpid" not-null="true" />
            </key>
            <one-to-many class="com.qhit.bean.TpTq" />
        </set>
    </class>
</hibernate-mapping>
