<?xml version="1.0" encoding="utf-8"?>
<!DOCTYPE hibernate-mapping PUBLIC "-//Hibernate/Hibernate Mapping DTD 3.0//EN"
"http://hibernate.sourceforge.net/hibernate-mapping-3.0.dtd">
<!-- 
    Mapping file autogenerated by MyEclipse Persistence Tools
-->
<hibernate-mapping>
    <class name="com.qhit.bean.TpTq" table="tp_tq" schema="dbo" catalog="LEO">
        <id name="ssid" type="java.lang.Integer">
            <column name="ssid" />
            <generator class="native" />
        </id>
        <many-to-one name="testpapers" class="com.qhit.bean.Testpapers" fetch="select">
            <column name="tpid" not-null="true" />
        </many-to-one>
        <many-to-one name="testquestions" class="com.qhit.bean.Testquestions" fetch="select">
            <column name="tqid" not-null="true" />
        </many-to-one>
    </class>
</hibernate-mapping>
