<?xml version="1.0" encoding="utf-8"?>
<!DOCTYPE hibernate-mapping PUBLIC "-//Hibernate/Hibernate Mapping DTD 3.0//EN"
"http://hibernate.sourceforge.net/hibernate-mapping-3.0.dtd">
<!-- 
    Mapping file autogenerated by MyEclipse Persistence Tools
-->
<hibernate-mapping>
    <class name="com.qhit.bean.Users" table="users" schema="dbo" catalog="LEO">
        <id name="uid" type="java.lang.Integer">
            <column name="uid" />
            <generator class="native" />
        </id>
        <property name="uname" type="java.lang.String">
            <column name="uname" length="50" not-null="true" />
        </property>
        <property name="upwd" type="java.lang.String">
            <column name="upwd" length="50" not-null="true" />
        </property>
        <property name="role" type="java.lang.String">
            <column name="role" length="50" not-null="true" />
        </property>
    </class>
</hibernate-mapping>
