<?xml version="1.0" encoding="utf-8"?>
<!DOCTYPE hibernate-mapping PUBLIC "-//Hibernate/Hibernate Mapping DTD 3.0//EN"
"http://hibernate.sourceforge.net/hibernate-mapping-3.0.dtd">
<!-- 
    Mapping file autogenerated by MyEclipse Persistence Tools
-->
<hibernate-mapping>
    <class name="com.bean.Chengji" table="chengji" schema="dbo" catalog="aikao">
        <id name="cjid" type="java.lang.Integer">
            <column name="cjid" />
            <generator class="native" />
        </id>
        <property name="sid" type="java.lang.Integer">
            <column name="sid" not-null="true" />
        </property>
        <property name="jid" type="java.lang.Integer">
            <column name="jid" not-null="true" />
        </property>
        <property name="kais" type="java.lang.String">
            <column name="kais" />
        </property>
        <property name="jies" type="java.lang.String">
            <column name="jies" />
        </property>
        <property name="chengji" type="java.lang.Integer">
            <column name="chengji" />
        </property>
    </class>
</hibernate-mapping>
