<?xml version="1.0" encoding="utf-8"?>
<!DOCTYPE hibernate-mapping PUBLIC "-//Hibernate/Hibernate Mapping DTD 3.0//EN"
"http://hibernate.sourceforge.net/hibernate-mapping-3.0.dtd">
<!-- 
    Mapping file autogenerated by MyEclipse Persistence Tools
-->
<hibernate-mapping>
    <class name="com.bean.Clases" table="clases" schema="dbo" catalog="aikao">
        <id name="cid" type="java.lang.Integer">
            <column name="cid" />
            <generator class="native" />
        </id>
      	
        <property name="className" type="string">
            <column name="className" length="20" />
        </property> 
        <property name="sjid" type="java.lang.Integer">
            <column name="sjid" />
        </property> 
        <set name="strutses" inverse="true">
            <key>
                <column name="cid" not-null="true" />
            </key>
            <one-to-many class="com.bean.Struts" />
        </set>
       
    </class>
</hibernate-mapping>
