<?xml version="1.0" encoding="utf-8"?>
<!DOCTYPE hibernate-mapping PUBLIC "-//Hibernate/Hibernate Mapping DTD 3.0//EN"
"http://hibernate.sourceforge.net/hibernate-mapping-3.0.dtd">
<!-- 
    Mapping file autogenerated by MyEclipse Persistence Tools
-->
<hibernate-mapping>
    <class name="com.bean.Fangxiang" table="fangxiang" schema="dbo" catalog="aikao">
        <id name="fid" type="java.lang.Integer">
            <column name="fid" />
            <generator class="native" />
        </id>
        <many-to-one name="fangxiang" class="com.bean.Fangxiang" update="false" insert="false" fetch="select">
            <column name="fid" not-null="true" unique="true" />
        </many-to-one>
        <property name="fname" type="java.lang.String">
            <column name="fname" />
        </property>
        <set name="kemus" inverse="true">
            <key>
                <column name="fid" not-null="true" />
            </key>
            <one-to-many class="com.bean.Kemu" />
        </set>
        <set name="fangxiangs" inverse="true">
            <key>
                <column name="fid" not-null="true" unique="true" />
            </key>
            <one-to-many class="com.bean.Fangxiang" />
        </set>
    </class>
</hibernate-mapping>
