<?xml version="1.0" encoding="utf-8"?>
<!DOCTYPE hibernate-mapping PUBLIC "-//Hibernate/Hibernate Mapping DTD 3.0//EN"
"http://hibernate.sourceforge.net/hibernate-mapping-3.0.dtd">
<!-- 
    Mapping file autogenerated by MyEclipse Persistence Tools
-->
<hibernate-mapping>
    <class name="com.bean.Jieduan" table="jieduan" schema="dbo" catalog="aikao">
        <id name="jid" type="java.lang.Integer">
            <column name="jid" />
            <generator class="native" />
        </id>
        <property name="jname" type="java.lang.String">
            <column name="jname" />
        </property>
        <set name="kemus" inverse="true">
            <key>
                <column name="jid" not-null="true" />
            </key>
            <one-to-many class="com.bean.Kemu" />
        </set>
    </class>
</hibernate-mapping>
