<?xml version="1.0" encoding="utf-8"?>
<!DOCTYPE hibernate-mapping PUBLIC "-//Hibernate/Hibernate Mapping DTD 3.0//EN"
"http://hibernate.sourceforge.net/hibernate-mapping-3.0.dtd">
<!-- 
    Mapping file autogenerated by MyEclipse Persistence Tools
-->
<hibernate-mapping>
    <class name="com.bean.Kemu" table="kemu" schema="dbo" catalog="aikao">
        <id name="kid" type="java.lang.Integer">
            <column name="kid" />
            <generator class="native" />
        </id>
        <many-to-one name="jieduan" class="com.bean.Jieduan" fetch="select">
            <column name="jid" not-null="true" />
        </many-to-one>
        <many-to-one name="fangxiang" class="com.bean.Fangxiang" fetch="select">
            <column name="fid" not-null="true" />
        </many-to-one>
        <property name="kname" type="java.lang.String">
            <column name="kname" />
        </property>
    </class>
</hibernate-mapping>
