<?xml version="1.0" encoding="utf-8"?>
<!DOCTYPE hibernate-mapping PUBLIC "-//Hibernate/Hibernate Mapping DTD 3.0//EN"
"http://hibernate.sourceforge.net/hibernate-mapping-3.0.dtd">
<!-- 
    Mapping file autogenerated by MyEclipse Persistence Tools
-->
<hibernate-mapping>
    <class name="com.bean.Shiti" table="shiti" schema="dbo" catalog="aikao">
        <id name="tid" type="java.lang.Integer">
            <column name="tid" />
            <generator class="native" />
        </id>
        <property name="kid" type="java.lang.Integer">
            <column name="kid" not-null="true" />
        </property>
        <property name="tidalie" type="java.lang.String">
            <column name="tidalie" />
        </property>
        <property name="tixiaolie" type="java.lang.String">
            <column name="tixiaolie" />
        </property>
        <property name="zhuti" type="java.lang.String">
            <column name="zhuti" />
        </property>
        <property name="optionA" type="string">
            <column name="optionA" length="50" />
        </property>
        <property name="optionB" type="string">
            <column name="optionB" length="50" />
        </property>
        <property name="optionC" type="string">
            <column name="optionC" length="50" />
        </property>
        <property name="optionD" type="string">
            <column name="optionD" length="50" />
        </property>
        <property name="nanyidu" type="string">
            <column name="nanyidu" length="50" />
        </property>
         <property name="daan" type="string">
            <column name="daan" length="50" />
        </property>
        <property name="zhangjie" type="string">
            <column name="zhangjie" length="50" />
        </property>
        <set name="shijuans" inverse="false" table="shiti_zhijuan">
            <key>
                <column name="tid" not-null="true" />
            </key>
            <many-to-many class="com.bean.Shijuan" column="jid" />
        </set>
    </class>
</hibernate-mapping>
