<?xml version="1.0" encoding="utf-8"?>
<!DOCTYPE hibernate-mapping PUBLIC "-//Hibernate/Hibernate Mapping DTD 3.0//EN"
"http://hibernate.sourceforge.net/hibernate-mapping-3.0.dtd">
<!-- 
    Mapping file autogenerated by MyEclipse Persistence Tools
-->
<hibernate-mapping>
    <class name="com.qhit.bean.Banji" table="banji" schema="dbo" catalog="TestOnLine">
        <id name="bjid" type="java.lang.Integer">
            <column name="bjid" />
            <generator class="assigned" />
        </id>
        <property name="bjname" type="java.lang.String">
            <column name="bjname" length="50" />
        </property>
        <set name="stus" inverse="true">
            <key>
                <column name="bjid" />
            </key>
            <one-to-many class="com.qhit.bean.Stu" />
        </set>
    </class>
</hibernate-mapping>
