<?xml version="1.0" encoding="utf-8"?>
<!DOCTYPE hibernate-mapping PUBLIC "-//Hibernate/Hibernate Mapping DTD 3.0//EN"
"http://hibernate.sourceforge.net/hibernate-mapping-3.0.dtd">
<!-- 
    Mapping file autogenerated by MyEclipse Persistence Tools
-->
<hibernate-mapping>
    <class name="com.qhit.bean.Jieduan" table="jieduan" schema="dbo" catalog="TestOnLine">
        <id name="jdid" type="java.lang.Integer">
            <column name="jdid" />
            <generator class="native" />
        </id>
        <property name="bjname" type="java.lang.String">
            <column name="bjname" length="50" />
        </property>
        <set name="kemus" inverse="true">
            <key>
                <column name="jdid" />
            </key>
            <one-to-many class="com.qhit.bean.Kemu" />
        </set>
    </class>
</hibernate-mapping>
