<?xml version="1.0" encoding="utf-8"?>
<!DOCTYPE hibernate-mapping PUBLIC "-//Hibernate/Hibernate Mapping DTD 3.0//EN"
"http://hibernate.sourceforge.net/hibernate-mapping-3.0.dtd">
<!-- 
    Mapping file autogenerated by MyEclipse Persistence Tools
-->
<hibernate-mapping>
    <class name="com.qhit.bean.Shijuan" table="shijuan" schema="dbo" catalog="TestOnLine">
        <id name="sjid" type="java.lang.Integer">
            <column name="sjid" />
            <generator class="native" />
        </id>
        <many-to-one name="banji" class="com.qhit.bean.Banji" fetch="select" lazy="false">
            <column name="bjid" />
        </many-to-one>
        <property name="sjType" type="java.lang.String">
            <column name="sjType" length="20" />
        </property>
        <property name="sjkm" type="java.lang.String">
            <column name="sjkm" length="20" />
        </property>
        <property name="sjbt" type="java.lang.String">
            <column name="sjbt" length="20" />
        </property>
        <property name="kaoshiTime" type="java.lang.String">
            <column name="kaoshiTime" length="50" />
        </property>
        <property name="sjzt" type="java.lang.String">
            <column name="sjzt" length="40" />
        </property>
        <set name="stuShitis" inverse="true">
            <key>
                <column name="sjid" />
            </key>
            <one-to-many class="com.qhit.bean.StuShiti" />
        </set>
        <set name="chengjis" inverse="true">
            <key>
                <column name="sjid" />
            </key>
            <one-to-many class="com.qhit.bean.Chengji" />
        </set>
        <set name="shijuanShitis" inverse="true">
            <key>
                <column name="sjid" />
            </key>
            <one-to-many class="com.qhit.bean.ShijuanShiti" />
        </set>
    </class>
</hibernate-mapping>
