<?xml version="1.0" encoding="UTF-8"?>
 <!DOCTYPE struts PUBLIC
	"-//Apache Software Foundation//DTD Struts Configuration 2.1//EN"
	"http://struts.apache.org/dtds/struts-2.1.dtd">
	
	<struts>

	<constant name="struts.i18n.encoding" value="gbk"></constant>
		<package name="demo" extends="struts-default">		
			<action name="*_Login" class="com.qhit.action.loginAction" method="{1}">
				<result name="index">index.jsp</result>
				<result name="login">login.jsp</result>
			</action>
			<action name="*_SH" class="com.qhit.action.shitiAction" method="{1}">
				<interceptor-ref name="defaultStack">
					<param name="fileUpload.allowedExtensions">.txt,.docx,.png,.rtf,.xls,.xlsx</param>
					<param name="fileUpload.maximumSize">5242880</param>
				</interceptor-ref>
				<result name="shiti">tiku/shiti.jsp</result>
				<result name="shiti2">tiku/shiti.jsp</result>
				<result name="add">tiku/add.jsp</result>
				<result name="add1">tiku/add.jsp</result>
				<result name="shitiupdate">tiku/shitiupdate.jsp</result>
				
				<result name="info">tiku/info.jsp</result>
				
				<result name="down" type="stream" >
					<param name="contentType">application/octet-stream</param>
					<param name="inputName">downFile_is</param>
					<param name="contentDisposition">filename="${downFileName}"</param>
				</result>
			</action>
			
			
			
			<action name="*_SJ" class="com.qhit.action.sjAction" method="{1}">
				<result name="sjshow">../shijuan/sjshow.jsp</result>
				<result name="sjshow2">shijuan/sjshow.jsp</result>
				<result name="selzj">shijuan/selzj.jsp</result>
				<result name="xuantijsp">shijuan/xuantijsp.jsp</result>
				
			</action>
			
			
			<action name="*_ZX" class="com.qhit.action.zxAction" method="{1}">
				<result name="zxks">../exem/zxks.jsp</result>
				<result name="kaoshi">exem/kaoshi.jsp</result>
				<result name="over">exem/overexem.jsp</result>
			</action>
			
			
			
			<action name="*_CJ" class="com.qhit.action.cjAction" method="{1}">
				<result name="chengji">../chengji/chengji.jsp</result>
				<result name="chengji1">chengji/chengji.jsp</result>
				<result name="show">chengji/show.jsp</result>
			</action>
			
		</package>
	</struts>