<?xml version="1.0" encoding="utf-8"?>
<!DOCTYPE hibernate-mapping PUBLIC "-//Hibernate/Hibernate Mapping DTD 3.0//EN"
"http://hibernate.sourceforge.net/hibernate-mapping-3.0.dtd">
<!-- 
    Mapping file autogenerated by MyEclipse Persistence Tools
-->
<hibernate-mapping>
    <class name="com.qhit.bean.Chengji" table="chengji" schema="dbo" catalog="Aikao">
        <id name="cjid" type="java.lang.Integer">
            <column name="cjid" />
            <generator class="native" />
        </id>
        <many-to-one name="student" class="com.qhit.bean.Student" fetch="select">
            <column name="stuid" not-null="true" />
        </many-to-one>
        <many-to-one name="shijuan" class="com.qhit.bean.Shijuan" fetch="select">
            <column name="sjid" not-null="true" />
        </many-to-one>
        <property name="kstime" type="java.lang.String">
            <column name="kstime" length="50" />
        </property>
        <property name="jstime" type="java.lang.String">
            <column name="jstime" length="50" />
        </property>
    </class>
</hibernate-mapping>
