<?xml version="1.0" encoding="utf-8"?>
<!DOCTYPE hibernate-mapping PUBLIC "-//Hibernate/Hibernate Mapping DTD 3.0//EN"
"http://hibernate.sourceforge.net/hibernate-mapping-3.0.dtd">
<!-- 
    Mapping file autogenerated by MyEclipse Persistence Tools
-->
<hibernate-mapping>
    <class name="com.qhit.bean.Classes" table="classes" schema="dbo" catalog="Aikao">
        <id name="classid" type="java.lang.Integer">
            <column name="classid" />
            <generator class="native" />
        </id>
        <many-to-one name="fangxiang" class="com.qhit.bean.Fangxiang" fetch="select">
            <column name="fxid" not-null="true" />
        </many-to-one>
        <property name="claxuhao" type="java.lang.String">
            <column name="claxuhao" length="50" not-null="true" />
        </property>
        <property name="claname" type="java.lang.String">
            <column name="claname" length="50" not-null="true" />
        </property>
        <property name="tname" type="java.lang.String">
            <column name="tname" length="50" />
        </property>
        <property name="jname" type="java.lang.String">
            <column name="jname" length="50" />
        </property>
        <property name="kaidata" type="java.lang.String">
            <column name="kaidata" length="50" not-null="true" />
        </property>
        <property name="zt" type="java.lang.String">
            <column name="zt" length="50" not-null="true" />
        </property>
        <set name="shijuans" inverse="true">
            <key>
                <column name="classid" not-null="true" />
            </key>
            <one-to-many class="com.qhit.bean.Shijuan" />
        </set>
        <set name="students" inverse="true">
            <key>
                <column name="classid" not-null="true" />
            </key>
            <one-to-many class="com.qhit.bean.Student" />
        </set>
    </class>
</hibernate-mapping>
