<?xml version="1.0" encoding="utf-8"?>
<!DOCTYPE hibernate-mapping PUBLIC "-//Hibernate/Hibernate Mapping DTD 3.0//EN"
"http://hibernate.sourceforge.net/hibernate-mapping-3.0.dtd">
<!-- 
    Mapping file autogenerated by MyEclipse Persistence Tools
-->
<hibernate-mapping>
    <class name="com.qhit.bean.ShijuanShiti" table="shijuan_shiti" schema="dbo" catalog="Aikao">
        <id name="ssid" type="java.lang.Integer">
            <column name="ssid" />
            <generator class="native" />
        </id>
        <many-to-one name="shijuan" class="com.qhit.bean.Shijuan" fetch="select">
            <column name="sjid" not-null="true" />
        </many-to-one>
        <many-to-one name="shiti" class="com.qhit.bean.Shiti" fetch="select">
            <column name="stid" not-null="true" />
        </many-to-one>
    </class>
</hibernate-mapping>
