<?xml version="1.0" encoding="utf-8"?>
<!DOCTYPE hibernate-mapping PUBLIC "-//Hibernate/Hibernate Mapping DTD 3.0//EN"
"http://hibernate.sourceforge.net/hibernate-mapping-3.0.dtd">
<!-- 
    Mapping file autogenerated by MyEclipse Persistence Tools
-->
<hibernate-mapping>
    <class name="com.qhit.bean.Shijuan" table="shijuan" schema="dbo" catalog="Aikao">
        <id name="sjid" type="java.lang.Integer">
            <column name="sjid" />
            <generator class="native" />
        </id>
        <many-to-one name="kemu" class="com.qhit.bean.Kemu" fetch="select">
            <column name="kmid" />
        </many-to-one>
        <many-to-one name="classes" class="com.qhit.bean.Classes" fetch="select">
            <column name="classid" not-null="true" />
        </many-to-one>
        <property name="sjlx" type="java.lang.String">
            <column name="sjlx" length="50" />
        </property>
        <property name="biaoti" type="java.lang.String">
            <column name="biaoti" length="50" />
        </property>
        <property name="kstime" type="java.lang.String">
            <column name="kstime" length="50" />
        </property>
        <property name="zt" type="java.lang.String">
            <column name="zt" length="10" not-null="true" />
        </property>
        <set name="shijuanShitis" inverse="true">
            <key>
                <column name="sjid" not-null="true" />
            </key>
            <one-to-many class="com.qhit.bean.ShijuanShiti" />
        </set>
        <set name="xueshengShitis" inverse="true">
            <key>
                <column name="stuid" not-null="true" unique="true" />
            </key>
            <one-to-many class="com.qhit.bean.XueshengShiti" />
        </set>
        <set name="chengjis" inverse="true">
            <key>
                <column name="sjid" not-null="true" />
            </key>
            <one-to-many class="com.qhit.bean.Chengji" />
        </set>
    </class>
</hibernate-mapping>
