<?xml version="1.0" encoding="utf-8"?>
<!DOCTYPE hibernate-mapping PUBLIC "-//Hibernate/Hibernate Mapping DTD 3.0//EN"
"http://hibernate.sourceforge.net/hibernate-mapping-3.0.dtd">
<!-- 
    Mapping file autogenerated by MyEclipse Persistence Tools
-->
<hibernate-mapping>
    <class name="com.qhit.bean.Shiti" table="shiti" schema="dbo" catalog="Aikao">
        <id name="stid" type="java.lang.Integer">
            <column name="stid" />
            <generator class="native" />
        </id>
        <many-to-one name="kemu" class="com.qhit.bean.Kemu" fetch="select">
            <column name="kmid" not-null="true" />
        </many-to-one>
        <property name="tmlx" type="java.lang.String">
            <column name="tmlx" length="50" not-null="true" />
        </property>
        <property name="tmxlx" type="java.lang.String">
            <column name="tmxlx" length="50" not-null="true" />
        </property>
        <property name="ksbt" type="java.lang.String">
            <column name="ksbt" length="50" />
        </property>
        <property name="xxa" type="java.lang.String">
            <column name="xxa" length="50" />
        </property>
        <property name="xxb" type="java.lang.String">
            <column name="xxb" length="50" />
        </property>
        <property name="xxc" type="java.lang.String">
            <column name="xxc" length="10" />
        </property>
        <property name="xxd" type="java.lang.String">
            <column name="xxd" length="10" />
        </property>
        <property name="daan" type="java.lang.String">
            <column name="daan" length="10" />
        </property>
        <property name="nandu" type="java.lang.String">
            <column name="nandu" length="10" />
        </property>
        <property name="dyzj" type="java.lang.String">
            <column name="dyzj" length="10" />
        </property>
        <set name="xueshengShitis" inverse="true">
            <key>
                <column name="stuid" not-null="true" unique="true" />
            </key>
            <one-to-many class="com.qhit.bean.XueshengShiti" />
        </set>
        <set name="shijuanShitis" inverse="true">
            <key>
                <column name="stid" not-null="true" />
            </key>
            <one-to-many class="com.qhit.bean.ShijuanShiti" />
        </set>
    </class>
</hibernate-mapping>
