<?xml version="1.0" encoding="utf-8"?>
<!DOCTYPE hibernate-mapping PUBLIC "-//Hibernate/Hibernate Mapping DTD 3.0//EN"
"http://hibernate.sourceforge.net/hibernate-mapping-3.0.dtd">
<!-- 
    Mapping file autogenerated by MyEclipse Persistence Tools
-->
<hibernate-mapping>
    <class name="com.qhit.bean.Student" table="student" schema="dbo" catalog="Aikao">
        <id name="stuid" type="java.lang.Integer">
            <column name="stuid" />
            <generator class="native" />
        </id>
        <many-to-one name="classes" class="com.qhit.bean.Classes" fetch="select">
            <column name="classid" not-null="true" />
        </many-to-one>
        <property name="stuno" type="java.lang.String">
            <column name="stuno" length="50" not-null="true" />
        </property>
        <property name="name" type="java.lang.String">
            <column name="name" length="50" not-null="true" />
        </property>
        <property name="sex" type="java.lang.String">
            <column name="sex" length="50" not-null="true" />
        </property>
        <property name="tel" type="java.lang.String">
            <column name="tel" length="50" not-null="true" />
        </property>
        <property name="sname" type="java.lang.String">
            <column name="sname" length="50" not-null="true" />
        </property>
        <property name="spwd" type="java.lang.String">
            <column name="spwd" length="50" not-null="true" />
        </property>
        <property name="role" type="java.lang.String">
            <column name="role" length="50" not-null="true" />
        </property>
        <set name="chengjis" inverse="true">
            <key>
                <column name="stuid" not-null="true" />
            </key>
            <one-to-many class="com.qhit.bean.Chengji" />
        </set>
    </class>
</hibernate-mapping>
