<?xml version="1.0" encoding="utf-8"?>
<!DOCTYPE hibernate-mapping PUBLIC "-//Hibernate/Hibernate Mapping DTD 3.0//EN"
"http://hibernate.sourceforge.net/hibernate-mapping-3.0.dtd">
<!-- 
    Mapping file autogenerated by MyEclipse Persistence Tools
-->
<hibernate-mapping>
    <class name="com.qhit.bean.XueshengShiti" table="xuesheng_shiti" schema="dbo" catalog="Aikao">
        <id name="stuid" type="java.lang.Integer">
            <column name="stuid" />
            <generator class="native" />
        </id>
        <many-to-one name="shijuan" class="com.qhit.bean.Shijuan" update="false" insert="false" fetch="select">
            <column name="stuid" not-null="true" unique="true" />
        </many-to-one>
        <many-to-one name="shiti" class="com.qhit.bean.Shiti" update="false" insert="false" fetch="select">
            <column name="stuid" not-null="true" unique="true" />
        </many-to-one>
        <property name="sjid" type="java.lang.Integer">
            <column name="sjid" not-null="true" />
        </property>
        <property name="stid" type="java.lang.Integer">
            <column name="stid" not-null="true" />
        </property>
        <property name="xsdaan" type="java.lang.String">
            <column name="xsdaan" length="50" />
        </property>
    </class>
</hibernate-mapping>
