<?xml version="1.0" encoding="utf-8"?>
<!DOCTYPE hibernate-mapping PUBLIC "-//Hibernate/Hibernate Mapping DTD 3.0//EN"
"http://hibernate.sourceforge.net/hibernate-mapping-3.0.dtd">
<!-- 
    Mapping file autogenerated by MyEclipse Persistence Tools
-->
<hibernate-mapping>
    <class name="com.qhit.bean.Chengji" table="chengji" schema="dbo" catalog="TestOnLine">
        <id name="cjid" type="java.lang.Integer">
            <column name="cjid" />
            <generator class="native" />
        </id>
        <many-to-one name="stu" class="com.qhit.bean.Stu" fetch="select">
            <column name="stuid" />
        </many-to-one>
        <many-to-one name="shijuan" class="com.qhit.bean.Shijuan" fetch="select" lazy="false">
            <column name="sjid" />
        </many-to-one>
        <property name="begintime" type="java.lang.String">
            <column name="begintime" length="20" />
        </property>
        <property name="overtime" type="java.lang.String">
            <column name="overtime" length="20" />
        </property>
        <property name="chengji" type="java.lang.Integer">
            <column name="chengji" />
        </property>
    </class>
</hibernate-mapping>
