<?xml version="1.0" encoding="utf-8"?>
<!DOCTYPE hibernate-mapping PUBLIC "-//Hibernate/Hibernate Mapping DTD 3.0//EN"
"http://hibernate.sourceforge.net/hibernate-mapping-3.0.dtd">
<!-- 
    Mapping file autogenerated by MyEclipse Persistence Tools
-->
<hibernate-mapping>
    <class name="com.qhit.bean.Kemu" table="kemu" schema="dbo" catalog="TestOnLine">
        <id name="kmid" type="java.lang.Integer">
            <column name="kmid" />
            <generator class="native" />
        </id>
        <many-to-one name="fangxiang" class="com.qhit.bean.Fangxiang" fetch="select">
            <column name="fxid" />
        </many-to-one>
        <many-to-one name="jieduan" class="com.qhit.bean.Jieduan" fetch="select">
            <column name="jdid" />
        </many-to-one>
        <property name="kmname" type="java.lang.String">
            <column name="kmname" length="50" />
        </property>
        <set name="shitis" inverse="true">
            <key>
                <column name="kmid" />
            </key>
            <one-to-many class="com.qhit.bean.Shiti" />
        </set>
    </class>
</hibernate-mapping>
