<?xml version="1.0" encoding="utf-8"?>
<!DOCTYPE hibernate-mapping PUBLIC "-//Hibernate/Hibernate Mapping DTD 3.0//EN"
"http://hibernate.sourceforge.net/hibernate-mapping-3.0.dtd">
<!-- 
    Mapping file autogenerated by MyEclipse Persistence Tools
-->
<hibernate-mapping>
    <class name="com.qhit.bean.Shiti" table="shiti" schema="dbo" catalog="TestOnLine">
        <id name="stid" type="java.lang.Integer">
            <column name="stid" />
            <generator class="native" />
        </id>
        <many-to-one name="kemu" class="com.qhit.bean.Kemu" fetch="select">
            <column name="kmid" />
        </many-to-one>
        <property name="stbigType" type="java.lang.String">
            <column name="stbigType" length="50" />
        </property>
        <property name="tmtype" type="java.lang.String">
            <column name="tmtype" length="50" />
        </property>
        <property name="tmNr" type="java.lang.String">
            <column name="tmNr" length="200" />
        </property>
        <property name="xuanxiangA" type="java.lang.String">
            <column name="xuanxiangA" length="200" />
        </property>
        <property name="xuanxiangB" type="java.lang.String">
            <column name="xuanxiangB" length="200" />
        </property>
        <property name="xuanxiangC" type="java.lang.String">
            <column name="xuanxiangC" length="200" />
        </property>
        <property name="xuanxiangD" type="java.lang.String">
            <column name="xuanxiangD" length="200" />
        </property>
        <property name="zhangjie" type="java.lang.String">
            <column name="zhangjie" length="50" />
        </property>
        <property name="meitiFs" type="java.lang.Integer">
            <column name="meitiFs" />
        </property>
        <property name="daan" type="java.lang.String">
            <column name="daan" length="2" />
        </property>
        <property name="nandu" type="java.lang.String">
            <column name="nandu" length="10" />
        </property>
    </class>
</hibernate-mapping>
