<?xml version="1.0" encoding="utf-8"?>
<!DOCTYPE hibernate-mapping PUBLIC "-//Hibernate/Hibernate Mapping DTD 3.0//EN"
"http://hibernate.sourceforge.net/hibernate-mapping-3.0.dtd">
<!-- 
    Mapping file autogenerated by MyEclipse Persistence Tools
-->
<hibernate-mapping>
    <class name="com.bean.Shijuan" table="shijuan" schema="dbo" catalog="aikao">
        <id name="jid" type="java.lang.Integer">
            <column name="jid" />
            <generator class="native" />
        </id>
        <property name="cid" type="java.lang.String">
            <column name="cid" />
        </property>
        <property name="sjlie" type="java.lang.String">
            <column name="sjlie" />
        </property>
        <property name="kaisj" type="java.lang.String">
            <column name="kaisj" />
        </property>
        <property name="sjztai" type="java.lang.String">
            <column name="sjztai" />
        </property>
        <property name="kaossc" type="java.lang.Integer">
            <column name="kaossc" />
        </property>
        <property name="suantishu" type="java.lang.Integer">
            <column name="suantishu" />
        </property>
        <property name="dantifen" type="java.lang.Integer">
            <column name="dantifen" />
        </property>
        <property name="zongfen" type="java.lang.Integer">
            <column name="zongfen" />
        </property>
          <property name="kmname" type="java.lang.String">
            <column name="kmname" />
        </property>
        <property name="biaoti" type="java.lang.String">
            <column name="biaoti" />
        </property>
         <property name="jiedname" type="java.lang.String">
            <column name="jiedname" />
        </property>
          <property name="fanxname" type="java.lang.String">
            <column name="fanxname" />
        </property>
         <property name="jieshusj" type="java.lang.String">
            <column name="jieshusj" />
        </property>
        <set name="shitis" inverse="true" table="shiti_zhijuan" order-by="tid">
            <key>
                <column name="jid" not-null="true" />
            </key>
            <many-to-many class="com.bean.Shiti" column="tid" />
        </set>
    </class>
</hibernate-mapping>
