<?xml version="1.0" encoding="utf-8"?>
<!DOCTYPE hibernate-mapping PUBLIC "-//Hibernate/Hibernate Mapping DTD 3.0//EN"
"http://hibernate.sourceforge.net/hibernate-mapping-3.0.dtd">
<!-- 
    Mapping file autogenerated by MyEclipse Persistence Tools
-->
<hibernate-mapping>
    <class name="com.bean.StrutsShiti" table="struts_shiti" schema="dbo" catalog="aikao">
        <id name="stid" type="java.lang.Integer">
            <column name="stid" />
            <generator class="native" />
        </id>
        <property name="sid" type="java.lang.Integer">
            <column name="sid" />
        </property>
        <property name="jid" type="java.lang.Integer">
            <column name="jid"/>
        </property>
        <property name="tid" type="java.lang.Integer">
            <column name="tid" />
        </property>
        <property name="daan" type="java.lang.String">
            <column name="daan" />
        </property>
          <property name="dantifen" type="java.lang.String">
            <column name="dantifen" />
        </property>
          <property name="zqdaan" type="java.lang.String">
            <column name="zqdaan" />
        </property>
    </class>
</hibernate-mapping>
