<?xml version="1.0" encoding="utf-8"?>
<!DOCTYPE hibernate-mapping PUBLIC "-//Hibernate/Hibernate Mapping DTD 3.0//EN"
"http://hibernate.sourceforge.net/hibernate-mapping-3.0.dtd">
<!-- 
    Mapping file autogenerated by MyEclipse Persistence Tools
-->
<hibernate-mapping>
    <class name="com.bean.Struts" table="struts" schema="dbo" catalog="aikao">
        <id name="sid" type="java.lang.Integer">
            <column name="sid" />
            <generator class="native" />
        </id>
        <many-to-one name="clases" class="com.bean.Clases" fetch="select">
            <column name="cid" not-null="true" />
        </many-to-one>
        <property name="sname" type="java.lang.String">
            <column name="sname" />
        </property>
        <property name="szhanghao" type="java.lang.String">
            <column name="szhanghao" />
        </property>
        <property name="spwd" type="java.lang.String">
            <column name="spwd" />
        </property>
        <property name="xinbie" type="java.lang.String">
            <column name="xinbie" />
        </property>
        <property name="nianling" type="java.lang.String">
            <column name="nianling" />
        </property>
        <property name="role" type="java.lang.String">
            <column name="role" />
        </property>
    </class>
</hibernate-mapping>
