<?xml version='1.0' encoding='UTF-8'?>
<!DOCTYPE hibernate-configuration PUBLIC
          "-//Hibernate/Hibernate Configuration DTD 3.0//EN"
          "http://hibernate.sourceforge.net/hibernate-configuration-3.0.dtd">

<!-- Generated by MyEclipse Hibernate Tools.                   -->
<hibernate-configuration>

	<session-factory>
		<property name="dialect">
			org.hibernate.dialect.SQLServerDialect
		</property>
		<property name="connection.url">
			jdbc:sqlserver://127.0.0.1:1433;databaseName=LEO
		</property>
		<property name="connection.username">sa</property>
		<property name="connection.password">111</property>
		<property name="connection.driver_class">
			com.microsoft.sqlserver.jdbc.SQLServerDriver
		</property>
		<property name="myeclipse.connection.profile">qqq</property>
		<property name="show_sql">true</property>
		<mapping resource="bean/TpTq.hbm.xml" />
		<mapping resource="bean/Classes.hbm.xml" />
		<mapping resource="bean/Students.hbm.xml" />
		<mapping resource="bean/Grades.hbm.xml" />
		<mapping resource="bean/Stages.hbm.xml" />
		<mapping resource="bean/Testpapers.hbm.xml" />
		<mapping resource="bean/StudentsTq.hbm.xml" />
		<mapping resource="bean/Testquestions.hbm.xml" />
		<mapping resource="bean/Users.hbm.xml" />
		<mapping resource="bean/Subjects.hbm.xml" />
		<mapping resource="bean/Directions.hbm.xml" />

	</session-factory>

</hibernate-configuration>