<?xml version="1.0" encoding="UTF-8"?>
 <!DOCTYPE struts PUBLIC
	"-//Apache Software Foundation//DTD Struts Configuration 2.0//EN"
	"http://struts.apache.org/dtds/struts-2.0.dtd">
	
	<struts>
		<constant name="struts.i18n.encoding" value="UTF-8"></constant>
		<package name="demo" extends="struts-default">		
			<action name="*_Login" class="action.LoginAction" method="{1}">
				<result name="index">index.jsp</result>
				<result name="login">login.jsp</result>
			</action>
			
			<action name="*_Questions" class="action.QuestionsAction" method="{1}">
				<result name="classification">testquestions/classification.jsp</result>
				<result name="addsuccess">testquestions/addsuccess.jsp</result>
				<result name="showquestions">testquestions/showquestions.jsp</result>
				<result name="turnupdate">testquestions/updatequestions.jsp</result>
				<result name="updatesuccess">testquestions/updatesuccess.jsp</result>
				<result name="upload" type="redirect">showquestions_Questions.action?subid=${subid }&amp;subname=${subname }&amp;p=${p }</result>
				<result name="download" type="stream">
					<param name="contentType">application/octet-stream</param>
					<param name="inputName">downfileis</param>
					<param name="contentDisposition">filename=${downfilename}</param>
				</result>
			</action>
			
			<action name="*_Papers" class="action.PapersAction" method="{1}">
				<result name="showpapers">testpapers/showpapers.jsp</result>
				<result name="turnaddpapers">testpapers/choosepapers.jsp</result>
				<result name="addsuccess">testpapers/addsuccess.jsp</result>
				<result name="toview">testpapers/toviewpapers.jsp</result>
				<result name="beginexam">testpapers/beginexam.jsp</result>
				<result name="beginexamsuccess">testpapers/beginexamsuccess.jsp</result>
				<result name="endexamsuccess" type="redirect">showpapersone_Papers.action?did=1&amp;stid=1&amp;p=1&amp;one=1</result>
				<result name="turnrandompapers">testpapers/randompapers.jsp</result>
			</action>
			
			<action name="*_OnlineTest" class="action.OnlineTestAction" method="{1}">
				<result name="onlinetest">onlinetest/onlintestpapers.jsp</result>
				<result name="begintest">onlinetest/beginTest.jsp</result>
				<result name="overtest" type="redirect">onlinetestpapers_OnlineTest.action?p=1</result>
			</action>
			
			<action name="*_Results" class="action.ResultsAction" method="{1}">
				<result name="showtestpapers">testresults/canquerypapers.jsp</result>
				<result name="toview">testresults/toviewpapers.jsp</result>
				<result name="viewresults">testresults/stuscores.jsp</result>
				<result name="checkthedetails">testresults/checkthedetails.jsp</result>
				
			</action>
		</package>
	</struts>