<?xml version="1.0" encoding="utf-8"?>
<!DOCTYPE hibernate-mapping PUBLIC "-//Hibernate/Hibernate Mapping DTD 3.0//EN"
"http://hibernate.sourceforge.net/hibernate-mapping-3.0.dtd">
<!-- 
    Mapping file autogenerated by MyEclipse Persistence Tools
-->
<hibernate-mapping>
    <class name="bean.Students" table="students" schema="dbo" catalog="LEO">
        <id name="sid" type="java.lang.Integer">
            <column name="sid" />
            <generator class="native" />
        </id>
        <many-to-one name="classes" class="bean.Classes" fetch="select">
            <column name="cid" not-null="true" />
        </many-to-one>
        <property name="studentid" type="java.lang.String">
            <column name="studentid" length="50" not-null="true" />
        </property>
        <property name="sname" type="java.lang.String">
            <column name="sname" length="50" not-null="true" />
        </property>
        <property name="spwd" type="java.lang.String">
            <column name="spwd" length="50" not-null="true" />
        </property>
        <property name="ssex" type="java.lang.String">
            <column name="ssex" length="50" not-null="true" />
        </property>
        <property name="schoolyear" type="java.lang.String">
            <column name="schoolyear" length="50" not-null="true" />
        </property>
        <property name="stel" type="java.lang.String">
            <column name="stel" length="50" not-null="true" />
        </property>
        <set name="studentsTqs" inverse="true">
            <key>
                <column name="sid" not-null="true" />
            </key>
            <one-to-many class="bean.StudentsTq" />
        </set>
        <set name="gradeses" inverse="true">
            <key>
                <column name="sid" not-null="true" />
            </key>
            <one-to-many class="bean.Grades" />
        </set>
    </class>
</hibernate-mapping>
