<?xml version="1.0" encoding="utf-8"?>
<!DOCTYPE hibernate-mapping PUBLIC "-//Hibernate/Hibernate Mapping DTD 3.0//EN"
"http://hibernate.sourceforge.net/hibernate-mapping-3.0.dtd">
<!-- 
    Mapping file autogenerated by MyEclipse Persistence Tools
-->
<hibernate-mapping>
    <class name="bean.Subjects" table="subjects" schema="dbo" catalog="LEO">
        <id name="subid" type="java.lang.Integer">
            <column name="subid" />
            <generator class="native" />
        </id>
        <many-to-one name="stages" class="bean.Stages" fetch="select">
            <column name="stid" not-null="true" />
        </many-to-one>
        <many-to-one name="directions" class="bean.Directions" fetch="select">
            <column name="did" not-null="true" />
        </many-to-one>
        <property name="subname" type="java.lang.String">
            <column name="subname" length="50" not-null="true" />
        </property>
        <set name="testquestionses" inverse="true">
            <key>
                <column name="subid" not-null="true" />
            </key>
            <one-to-many class="bean.Testquestions" />
        </set>
        <set name="testpaperses" inverse="true">
            <key>
                <column name="subid" not-null="true" />
            </key>
            <one-to-many class="bean.Testpapers" />
        </set>
    </class>
</hibernate-mapping>
