<?xml version="1.0" encoding="utf-8"?>
<!DOCTYPE hibernate-mapping PUBLIC "-//Hibernate/Hibernate Mapping DTD 3.0//EN"
"http://hibernate.sourceforge.net/hibernate-mapping-3.0.dtd">
<!-- 
    Mapping file autogenerated by MyEclipse Persistence Tools
-->
<hibernate-mapping>
    <class name="bean.Testquestions" table="testquestions" schema="dbo" catalog="LEO">
        <id name="tqid" type="java.lang.Integer">
            <column name="tqid" />
            <generator class="native" />
        </id>
        <many-to-one name="subjects" class="bean.Subjects" fetch="select">
            <column name="subid" not-null="true" />
        </many-to-one>
        <property name="topicbigtype" type="java.lang.String">
            <column name="topicbigtype" length="50" not-null="true" />
        </property>
        <property name="topictype" type="java.lang.String">
            <column name="topictype" length="50" not-null="true" />
        </property>
        <property name="tqcontent" type="java.lang.String">
            <column name="tqcontent" length="50" not-null="true" />
        </property>
        <property name="optionsA" type="java.lang.String">
            <column name="optionsA" length="50" not-null="true" />
        </property>
        <property name="optionsB" type="java.lang.String">
            <column name="optionsB" length="50" not-null="true" />
        </property>
        <property name="optionsC" type="java.lang.String">
            <column name="optionsC" length="50" not-null="true" />
        </property>
        <property name="optionsD" type="java.lang.String">
            <column name="optionsD" length="50" not-null="true" />
        </property>
        <property name="answer" type="java.lang.String">
            <column name="answer" length="50" not-null="true" />
        </property>
        <property name="difficulty" type="java.lang.String">
            <column name="difficulty" length="50" not-null="true" />
        </property>
        <property name="chapters" type="java.lang.String">
            <column name="chapters" length="50" not-null="true" />
        </property>
        <set name="tpTqs" inverse="true">
            <key>
                <column name="tqid" not-null="true" />
            </key>
            <one-to-many class="bean.TpTq" />
        </set>
    </class>
</hibernate-mapping>
