<?xml version='1.0' encoding='UTF-8'?>
<!DOCTYPE hibernate-configuration PUBLIC
          "-//Hibernate/Hibernate Configuration DTD 3.0//EN"
          "http://hibernate.sourceforge.net/hibernate-configuration-3.0.dtd">

<!-- Generated by MyEclipse Hibernate Tools.                   -->
<hibernate-configuration>

	<session-factory>
		<property name="dialect">
			org.hibernate.dialect.SQLServerDialect
		</property>
		<property name="connection.url">
			jdbc:sqlserver://127.0.0.1:1433;databaseName=LEO
		</property>
		<property name="connection.username">sa</property>
		<property name="connection.password">123</property>
		<property name="connection.driver_class">
			com.microsoft.jdbc.sqlserver.SQLServerDriver
		</property>
		<property name="myeclipse.connection.profile">sql</property>
		<property name="show_sql">true</property>
		<mapping resource="com/qhit/bean/Subjects.hbm.xml" />
		<mapping resource="com/qhit/bean/Directions.hbm.xml" />
		<mapping resource="com/qhit/bean/Classes.hbm.xml" />
		<mapping resource="com/qhit/bean/Students.hbm.xml" />
		<mapping resource="com/qhit/bean/Users.hbm.xml" />
		<mapping resource="com/qhit/bean/Testquestions.hbm.xml" />
		<mapping resource="com/qhit/bean/TpTq.hbm.xml" />
		<mapping resource="com/qhit/bean/Stages.hbm.xml" />
		<mapping resource="com/qhit/bean/Testpapers.hbm.xml" />
		<mapping resource="com/qhit/bean/StudentsTq.hbm.xml" />
		<mapping resource="com/qhit/bean/Grades.hbm.xml" />

	</session-factory>

</hibernate-configuration>