<?xml version="1.0" encoding="UTF-8"?>
<!DOCTYPE struts PUBLIC
	"-//Apache Software Foundation//DTD Struts Configuration 2.0//EN"
	"http://struts.apache.org/dtds/struts-2.0.dtd">
	
	<struts>
		<constant name="struts.i18n.encoding" value="UTF-8"></constant>
		<package name="demo" extends="struts-default">			
			<action name="*_Login" class="com.qhit.action.LoginAction" method="{1}">
				<result name="index">index.jsp</result>
				<result name="login">login.jsp</result>
			</action>
			
			<action name="*_Houtai" class="com.qhit.action.HoutaiAction" method="{1}">
				<result name="questionadmin">backstage/questionadmin.jsp</result>
				<result name="questionlist">backstage/questionlist.jsp</result>
				<result name="addsuccess">backstage/addsuccess.jsp</result>
				<result name="addfailure">backstage/addfailure.jsp</result>
				<result name="updatequestion">backstage/updatequestion.jsp</result>
				<result name="updateprompt">backstage/updateprompt.jsp</result>
				<result name="uploadprompt">backstage/uploadprompt.jsp</result>
				
				<result name="down" type="stream">
					<param name="contentType">application/octer-stream</param>
					<param name="inputName">downfile_is</param>
					<param name="contentDisposition">filename="${downfile_name}"</param>
				</result>
			</action>
			
			<action name="*_Testpaper" class="com.qhit.action.TestpaperAction" method="{1}">
				<result name="testpaperlist">test_paper_management/testpaperlist.jsp</result>
				<result name="beginexam">test_paper_management/beginexam.jsp</result>
				<result name="selectsubjectgroupvolume">test_paper_management/selectsubjectgroupvolume.jsp</result>
				<result name="endtest">test_paper_management/endtest.jsp</result>
				<result name="deletetestpaper">test_paper_management/deletetestpaper.jsp</result>
				
				<result name="looktestpaper">test_paper_management/looktestpaper.jsp</result>
				<result name="selectsubjectprompt">test_paper_management/selectsubjectprompt.jsp</result>
				<result name="randomgrouppaper">test_paper_management/randomgrouppaper.jsp</result>
			</action>
			
			<action name="*_Results" class="com.qhit.action.ResultsAction" method="{1}">
				<result name="resultslist">results_management/resultslist.jsp</result>
				<result name="lookresults">results_management/lookresults.jsp</result>
				<result name="lookdetails">results_management/lookdetails.jsp</result>
				
			</action>
			
			<action name="*_Onlinetest" class="com.qhit.action.OnlinetestAction" method="{1}">
				<result name="personalinformation">student_houtai/personalinformation.jsp</result>
				<result name="onlinetest">student_houtai/onlinetest/onlinetest.jsp</result>
				<result name="begintest">student_houtai/onlinetest/begintest.jsp</result>
				<result name="prompt">student_houtai/onlinetest/prompt.jsp</result>
				
			</action>
		</package>
	</struts>
