<?xml version='1.0' encoding='UTF-8'?>
<!DOCTYPE hibernate-configuration PUBLIC
          "-//Hibernate/Hibernate Configuration DTD 3.0//EN"
          "http://hibernate.sourceforge.net/hibernate-configuration-3.0.dtd">

<!-- Generated by MyEclipse Hibernate Tools.                   -->
<hibernate-configuration>

	<session-factory>
		<property name="dialect">
			org.hibernate.dialect.SQLServerDialect
		</property>
		<property name="connection.url">
			jdbc:sqlserver://127.0.0.1:1433;databaseName=Aikao
		</property>
		<property name="connection.username">sa</property>
		<property name="connection.password">123</property>
		<property name="connection.driver_class">
			com.microsoft.sqlserver.jdbc.SQLServerDriver
		</property>
		<property name="myeclipse.connection.profile"></property>
		<property name="show_sql">true</property>
		<property name="jdbc.use_scrollable_resultset">false</property>
		<mapping resource="com/qhit/bean/ShijuanShiti.hbm.xml" />
		<mapping resource="com/qhit/bean/Student.hbm.xml" />
		<mapping resource="com/qhit/bean/Shiti.hbm.xml" />
		<mapping resource="com/qhit/bean/Fangxiang.hbm.xml" />
		<mapping resource="com/qhit/bean/Classes.hbm.xml" />
		<mapping resource="com/qhit/bean/Users.hbm.xml" />
		<mapping resource="com/qhit/bean/Jieduan.hbm.xml" />
		<mapping resource="com/qhit/bean/Chengji.hbm.xml" />
		<mapping resource="com/qhit/bean/Kemu.hbm.xml" />
		<mapping resource="com/qhit/bean/XueshengShiti.hbm.xml" />
		<mapping resource="com/qhit/bean/Shijuan.hbm.xml" />

	</session-factory>

</hibernate-configuration>