<?xml version="1.0" encoding="gbk"?>
<!DOCTYPE struts PUBLIC
	"-//Apache Software Foundation//DTD Struts Configuration 2.0//EN"
	"http://struts.apache.org/dtds/struts-2.0.dtd">
	
	<struts>
		<constant name="struts.i18n.encoding" value="gbk"></constant>
		<package name="aaa" extends="struts-default">
			<action name="*_Login" class="com.qhit.action.LoginAction" method="{1}">
				<result name="index">index.jsp</result>
				<result name="login">login.jsp</result>
			</action>	
			<action name="*_TiKu" class="com.qhit.action.TiKuAction" method="{1}">
				<result name="tiku">tiku/TiKu.jsp</result>
				<result name="login">login.jsp</result>
				<result name="allshiti">tiku/allshiti.jsp</result>
				<result name="insertsb">tiku/insertst.jsp</result>
				<result name="updatesb">tiku/updatest.jsp</result>
				<result name="flchakanst">tiku/alltiku.jsp</result>
				<result name="insertst" >insertst.jsp</result>
				<result name="updatest" >tiku/updatest.jsp</result>
		   </action>
		   <action name="upload_file" class="com.qhit.action.UploadAction" method="upload">
		       <interceptor-ref name="defaultStack">
		         <param name="fileUpload.allowedExtensions">doc,xml,txt,exe,jpg,png</param>
		         <param name="fileUpload.maximamSize">5242800</param>
		       </interceptor-ref>
		   </action>
		   <action name="download" class="com.qhit.action.DownloadAction" >
		      <result name="success" type="stream">
				 <param name="contentType">application/octet-stream</param>
				 <param name="contenDisposition">attachment;dowfilename="${dowfilename}"</param>		
				 <param name="inputName">InputStream</param>
			 </result>
		   </action>
			<action name="*_shijuan" class="com.qhit.action.ShijuanAction" method="{1}">
			      <result name="shijuan">shijuan/shijuan.jsp</result>
			</action>	
		     
		</package>
	</struts>