<?xml version="1.0" encoding="UTF-8"?>
<!DOCTYPE struts PUBLIC
	"-//Apache Software Foundation//DTD Struts Configuration 2.0//EN"
	"http://struts.apache.org/dtds/struts-2.0.dtd">
	
	<struts>
		<constant name="struts.ui.theme" value="simple"></constant>
		<constant name="struts.i18n.encoding" value="GBK"></constant>
		<constant name="struts.multipart.maxSize" value="10485760"></constant>
		<package name="uanme" extends="struts-default">		
			<action name="*_LoginAction" class="com.qhit.action.LoginAction" method="{1}">
				<result name="login">login.jsp</result>
				<result name="index">index.jsp</result>
				<result name="top">top.jsp</result>
			</action>
			<action name="*_ExamAction" class="com.qhit.action.ExamAction" method="{1}">
				<interceptor-ref name="defaultStack">
					<param name="fileUpload.allowedExtensions">.txt,.doc,.word,.jpg,.png</param>
					<param name="fileUpload.maximumSize">800000</param>
				</interceptor-ref>
				<result name="tikuindex">tiku/tikuindex.jsp</result>
				<result name="tikuInfo">tiku/tikuinfo.jsp</result>
				<result name="addtiku">tiku/addtiku.jsp</result>
				<result name="success">tiku/success.jsp</result>
				<result name="updatetiku">tiku/updatetiku.jsp</result>
				<result name="info">tiku/info.jsp</result>
				<result name="error">tiku/error.jsp</result>
				<result name="down" type="stream" >
					<param name="contentType">application/octet-stream</param>
					<param name="inputName">downFile_is</param>
					<param name="contentDisposition">filename="${downFileName}"</param>
				</result>
			</action>
			<action name="*_PaperAction" class="com.qhit.action.PaperAction" method="{1}">
				<result name="shijuanindex">shijuan/shijuanindex.jsp</result>
				<result name="chooseshijuan">shijuan/chooseshijuan.jsp</result>
				<result name="info">shijuan/info.jsp</result>
				<result name="lookshijuan">shijuan/lookshijuan.jsp</result>
				<result name="startshijuan">shijuan/startshijuan.jsp</result>
				<result name="Shijuanindex" type="redirectAction">PaperIndex_PaperAction</result>
				<result name="suijishijuan">shijuan/suijishijuan.jsp</result>
			</action>
			<action name="*_TestOnLineAction" class="com.qhit.action.TestOnLineAction" method="{1}">
				<result name="lineindex">zaixiankaoshi/lineindex.jsp</result>
				<result name="lookScore">chengji/lookscore.jsp</result>
				<result name="ExamOnlineIng">zaixiankaoshi/testonline.jsp</result>
				<result name="LookMyPaperScore" type="chain">LookMyPaperScore_TestOnLineAction</result>
				<result name="lookMyPaperScore">zaixiankaoshi/lookscore.jsp</result>
			</action>
			<action name="*_ScoreAction" class="com.qhit.action.ScoreAction" method="{1}">
				<result name="chengjiindex">chengji/chengjiindex.jsp</result>
				<result name="lookscore">chengji/lookscore.jsp</result>
			</action>
		</package>
	</struts>