<?xml version="1.0" encoding="utf-8"?>
<!DOCTYPE hibernate-mapping PUBLIC "-//Hibernate/Hibernate Mapping DTD 3.0//EN"
"http://hibernate.sourceforge.net/hibernate-mapping-3.0.dtd">
<!-- 
    Mapping file autogenerated by MyEclipse Persistence Tools
-->
<hibernate-mapping>
    <class name="com.qhit.bean.Score" table="Score" schema="dbo" catalog="Likexam">
        <id name="scoid" type="java.lang.Integer">
            <column name="scoid" />
            <generator class="native" />
        </id>
        <many-to-one name="paper" class="com.qhit.bean.Paper" fetch="select" cascade="save-update">
            <column name="scopid" />
        </many-to-one>
        <many-to-one name="student" class="com.qhit.bean.Student" fetch="select" cascade="save-update">
            <column name="scosid" not-null="true" />
        </many-to-one>
        <property name="scostartTime" type="java.lang.String">
            <column name="scostartTime" length="50" />
        </property>
        <property name="scofinishTime" type="java.lang.String">
            <column name="scofinishTime" length="50" />
        </property>
        <property name="scoscore" type="java.lang.String">
            <column name="scoscore" length="50" />
        </property>
    </class>
</hibernate-mapping>
