<?xml version="1.0" encoding="utf-8"?>
<!DOCTYPE hibernate-mapping PUBLIC "-//Hibernate/Hibernate Mapping DTD 3.0//EN"
"http://hibernate.sourceforge.net/hibernate-mapping-3.0.dtd">
<!-- 
    Mapping file autogenerated by MyEclipse Persistence Tools
-->
<hibernate-mapping>
    <class name="com.qhit.bean.Stu" table="Stu" schema="dbo" catalog="TestOnLine">
        <id name="stuid" type="java.lang.Integer">
            <column name="stuid" />
            <generator class="assigned" />
        </id>
        <many-to-one name="banji" class="com.qhit.bean.Banji" fetch="select">
            <column name="bjid" />
        </many-to-one>
        <property name="stunumber" type="java.lang.String">
            <column name="stunumber" length="50" />
        </property>
        <property name="stugrade" type="java.lang.String">
            <column name="stugrade" length="50" />
        </property>
        <property name="stuname" type="java.lang.String">
            <column name="stuname" length="50" />
        </property>
        <property name="stupwd" type="java.lang.String">
            <column name="stupwd" length="50" />
        </property>
        <property name="stusex" type="java.lang.String">
            <column name="stusex" length="20" />
        </property>
        <property name="stustel" type="java.lang.String">
            <column name="stustel" length="50" />
        </property>
    </class>
</hibernate-mapping>
