<?xml version="1.0" encoding="utf-8"?>
<!DOCTYPE hibernate-mapping PUBLIC "-//Hibernate/Hibernate Mapping DTD 3.0//EN"
"http://hibernate.sourceforge.net/hibernate-mapping-3.0.dtd">
<!-- 
    Mapping file autogenerated by MyEclipse Persistence Tools
-->
<hibernate-mapping>
    <class name="com.qhit.bean.StuShiti" table="Stu_shiti" schema="dbo" catalog="TestOnLine">
        <id name="sstuid" type="java.lang.Integer">
            <column name="sstuid" />
            <generator class="native" />
        </id>
        <many-to-one name="stu" class="com.qhit.bean.Stu" fetch="select">
            <column name="stuid" />
        </many-to-one>
        <many-to-one name="shijuan" class="com.qhit.bean.Shijuan" fetch="select">
            <column name="sjid" />
        </many-to-one>
        <many-to-one name="shiti" class="com.qhit.bean.Shiti" fetch="select">
            <column name="stid" />
        </many-to-one>
        <property name="stuanewr" type="java.lang.String">
            <column name="Stuanewr" length="50" />
        </property>
    </class>
</hibernate-mapping>
