<?xml version="1.0" encoding="utf-8"?>
<!DOCTYPE hibernate-mapping PUBLIC "-//Hibernate/Hibernate Mapping DTD 3.0//EN"
"http://hibernate.sourceforge.net/hibernate-mapping-3.0.dtd">
<!-- 
    Mapping file autogenerated by MyEclipse Persistence Tools
-->
<hibernate-mapping>
    <class name="com.qhit.bean.Users" table="Users" schema="dbo" catalog="TestOnLine">
        <id name="uid" type="java.lang.Integer">
            <column name="uid" />
            <generator class="assigned" />
        </id>
        <property name="accnumber" type="java.lang.String">
            <column name="accnumber" length="50" />
        </property>
        <property name="uname" type="java.lang.String">
            <column name="uname" length="50" />
        </property>
        <property name="upwd" type="java.lang.String">
            <column name="upwd" length="20" />
        </property>
        <property name="sex" type="java.lang.String">
            <column name="sex" length="20" />
        </property>
        <property name="brith" type="java.lang.String">
            <column name="brith" length="50" />
        </property>
        <property name="education" type="java.lang.String">
            <column name="education" length="50" />
        </property>
        <property name="tel" type="java.lang.String">
            <column name="tel" length="50" />
        </property>
        <property name="uroles" type="java.lang.String">
            <column name="uroles" length="50" />
        </property>
        <property name="orther" type="java.lang.String">
            <column name="orther" length="200" />
        </property>
    </class>
</hibernate-mapping>
