<?xml version='1.0' encoding='UTF-8'?>
<!DOCTYPE hibernate-configuration PUBLIC
          "-//Hibernate/Hibernate Configuration DTD 3.0//EN"
          "http://hibernate.sourceforge.net/hibernate-configuration-3.0.dtd">

<!-- Generated by MyEclipse Hibernate Tools.                   -->
<hibernate-configuration>

<session-factory>
	<property name="dialect">
		org.hibernate.dialect.SQLServerDialect
	</property>
	<property name="connection.url">
		jdbc:sqlserver://127.0.0.1:1433;databaseName=aikao
	</property>
	<property name="connection.username">sa</property>
	<property name="connection.password">123</property>
	<property name="connection.driver_class">
		com.microsoft.sqlserver.jdbc.SQLServerDriver
	</property>
	<property name="myeclipse.connection.profile">sad</property>
	<property name="jdbc.use_scrollable_resultset">false</property>
	<mapping resource="com/bean/Shijuan.hbm.xml" />
	<mapping resource="com/bean/Kemu.hbm.xml" />
	<mapping resource="com/bean/Fangxiang.hbm.xml" />
	<mapping resource="com/bean/Emp.hbm.xml" />
	<mapping resource="com/bean/Shiti.hbm.xml" />
	<mapping resource="com/bean/StrutsShiti.hbm.xml" />
	<mapping resource="com/bean/Jieduan.hbm.xml" />
	<mapping resource="com/bean/Struts.hbm.xml" />
	<mapping resource="com/bean/Chengji.hbm.xml" />
	<mapping resource="com/bean/Clases.hbm.xml" />


</session-factory>

</hibernate-configuration>