<?xml version="1.0" encoding="UTF-8"?>
<!DOCTYPE struts PUBLIC
	"-//Apache Software Foundation//DTD Struts Configuration 2.0//EN"
	"http://struts.apache.org/dtds/struts-2.0.dtd">
	
	<struts>
		<constant name="struts.ui.theme" value="simple"></constant>
		<constant name="struts.i18n.encoding" value="UTF-8"></constant>
		<package name="uanme" extends="struts-default" namespace="/" >		
			<action name="*_login" class="com.action.Loginaction" method="{1}">
				<result name="notlogin">Login.jsp</result>
				<result name="login">index.htm</result>
			</action>
			<action name="*_tiku" class="com.action.Tikuaction" method="{1}">
			<result name="fangke">tiku/tiku.jsp</result>
			<result name="xiangmu">tiku/tiku.jsp</result>
			<result name="fxkm">tiku/tiku.jsp</result>
			<result name="tiku">tiku/zhutiku.jsp</result>
			<result name="fenye">tiku/zhutiku.jsp</result>
			<result name="add" >shijuan/chengjuan.jsp</result>
			<result name="noadd">tiku/addtiku.jsp</result>
			<result name="select">tiku/updatetiku.jsp</result>
			</action>
			<action name="*_update" class="com.action.XiugaiActopn" method="{1}">
			<result name="update">shijuan/chengjuan.jsp</result>
			<result name="notupdate">123</result>	
			</action>
			<action name="*_file" class="com.action.UploadAction" method="{1}" >
			<interceptor-ref name="defaultStack">
				<param name="fileUpload.allowedExtensions">xls</param>
				<param name="fileUpload.maximamSize">5242880</param>
			</interceptor-ref>
			<result name="upload">tiku/zhutiku.jsp</result>
			<result name="download" type="stream">
					<param name="inputName">inputStream</param>
					<param name="contentDisposition">attachment;filename=Topic.xls</param>
					<param name="bufferSize">2048</param>
			</result>
			</action>
			<action name="*_shijuan" class="com.action.Shijuanaction" method="{1}">
			<result name="ajxt">shijuan/shijuan.jsp</result>
			<result name="zujuan">shijuan/zhujuan.jsp</result>
			<result name="tianjia">shijuan/chengjuan.jsp</result>
			<result name="shibai">111111</result>
			<result name="select">shijuan/fenshijuan.jsp</result>
			<result name="okl">shijuan/danzhu.jsp</result>
			<result name="sol">shijuan/danzhu.jsp</result>
			<result name="kemu">shijuan/danzhu.jsp</result>
			<result name="zhu">shijuan/suijishuzujuan.jsp</result>
			<result name="jie">shijuan/suijishuzujuan.jsp</result>
			<result name="ke">shijuan/suijishuzujuan.jsp</result>
			<result name="add">shijuan/chengjuan.jsp</result>
			<result name="kaoshi">shijuan/kaoshi.jsp</result>
			<result name="notadd">11111</result>
			<result name="kaishi">shijuan/chengjuan.jsp</result>
			<result name="notkaishi">33</result>
			<result name="chakan">shijuan/chakan.jsp</result>
			<result name="kaizhong">shijuan/chengjuan.jsp</result>
			<result name="kaishizhong">shijuan/kaoshi.jsp</result>
			<result name="jieshu">shijuan/shijuan.jsp</result>
			<result name="notjieshu">shijuan/shijuan.jsp</result>
			</action>
			<action name="*_kaoshi" class="com.action.Kaoshiaction" method="{1}">
			<result name="kaoshi">kaoshi/kaoshi.jsp</result>
			<result name="kaishi">kaoshi/kaishi.jsp</result>
			<result name="xiaye">kaoshi/kaishi.jsp</result>
			<result name="notxiaye">kaoshi/kaishi.jsp</result>
			<result name="shangti">kaoshi/kaishi.jsp</result>
			<result name="jiaojuan">shijuan/chengjuan.jsp</result>
			</action>
			<action name="*_guanli" class="com.action.Chengjiaction" method="{1}">
			<result name="ajxt">chengji/chengji.jsp</result>
			<result name="chengji">chengji/chakan.jsp</result>
			<result name="xiangqing">chengji/chakans.jsp</result>
			<result name="chaxun">chengji/chajuan.jsp</result>
			<result name="chati">chengji/chakan.jsp</result>
			</action>
		</package>
	</struts>